Most_Search,Category
2 FAST 2 FURIOUS,Action
BORUTO,Anime
DORAEMON,Anime
GAP GO ,C-DRAMA
GOBLIN,K-DRAMA
HAIKYUU,Anime
KENSHIN,Anime
KHIE,undefined
Liên Minh Công Lý: Phiên bản của Zack Snyder ,Action
MINIO,Comedy 
ONEPIECE,Anime
YOU ARE MY GL,C-DRAMA
anna,Horror 
attack on titan (final season),Anime
bac si,K-DRAMA
boruto,Anime
bác sĩ luật sư,K-DRAMA
bí mật nơi góc tối,C-DRAMA
bạn gái tôi là người ngoài hành tinh,Romantic
bắt ma phá án,Horror 
bộ phim về bob bọt biển: bọt biển lên bờ,Comedy 
chiêu diêu,C-DRAMA
chuyện gì xảy ra với thứ hai,Action
chàng hậu,Romantic
chú thuật hồi chiến,Anime
chảo lửa tình yêu,K-DRAMA
con dâu đại chiến bố chồng,V-DRAMA
con tim,TH-DRAMA
conan,Anime
conan - thám tử lừng danh,Anime
crazy love,Romantic
cá mực hầm mật,C-DRAMA
cô vợ nhí của siêu,K-DRAMA
cảnh đẹp,C-DRAMA
cậu bé mất tích,Horror 
dragon ball super: super hero,Anime
dưới bóng mộc miên,TH-DRAMA
C-DRAMA,C-DRAMA
em là niềm kiêu hãnh của anh,Comedy 
emperor chien lung,C-DRAMA
esther su,TH-DRAMA
eve,K-DRAMA
extrao,K-DRAMA
giả thuật kim sư,Anime
hoa gian tân nương,Romantic
hoa thiên cốt,Action
hospital playlist,Romantic
hospital ship,K-DRAMA
house,DRAMA
hương vị tình thân,Romantic
hạnh phúc nhỏ,Romantic
hậu duệ mặt trời,Romantic
hội pháp sư 2,Anime
johnny deep,undefined
khi,Romantic
khi em mỉm cuowf thật đệp,Romantic
khu vườn ngủ say,Romantic
không bao giờ nói lời từ biệt,Romantic
kingdoom,Horror 
kẻ cắp mặt trăng 2,Comedy 
kẻ trộm mặt trăng: minions,Comedy 
love and air sex,Romantic
luận ảnh hùng ai mới là anh hùng,C-DRAMA
lạp tội đồ giám,C-DRAMA
lập trình viên đáng yêu,Romantic
lời sám hối muộn màng,C-DRAMA
lửa chiến,Action
mashimaro (phần 1),Anime
mat xich han thu,TH-DRAMA
mbi,RealityTV
mbitious,RealityTV
minh châu rực rỡ,Romantic
minh lan truyện,C-DRAMA
miền trung nhớ bác,Music
modern talking,Music
morphle's adventures,Child
mouse,Action
mây họa ánh trăng,Romantic
mưa chiều miền trung,Music
mắc xích hận thù,TH-DRAMA
mặt nạ thủy tinh,Anime
mộng hoa lục,C-DRAMA
mở youtube phim sát thủ nữ,Action
mở youtube phim truyện,undefined
naruto,Anime
nguoi nhen,Action
người thầy y đức,Romantic
nhan cach trong em,TH-DRAMA
nhan cách trong em,TH-DRAMA
nhạc không lời,Music
nhất dạ tân nương,C-DRAMA
nhất kiến khuynh tâm,C-DRAMA
nhật,K-DRAMA
nhật ký tự do của tôi,K-DRAMA
những quý cô say xỉn,Comedy 
những tế bào,Romantic
niệm niệm vô minh,C-DRAMA
nội chiến hoàng gia,K-DRAMA
one pi,Anime
one piece,Anime
our,Romantic
overlord iii,Anime
phi vụ triệu đô,Action
phum chiếu rạp,Undefined
pikachu,Anime
quyen luc vuong trieu,C-DRAMA
reply 1988,Romantic
running man,RealityTV
secret royal inspector and joy,Anime
siêu bão địa cầu,Action
siêu nhân,Child
song hoa điếm,K-DRAMA
spy,Anime
spy family,Anime
street man fighter,RealityTV
sát thủ nhân tạo,Action
sự lãng mạn bí mật,K-DRAMA
tam sinh tam thế,C-DRAMA
tam sinh tam thế thập lý đào hoa,C-DRAMA
taxi driver,Action
thanh gươm diệt quỷ: phần kỹ viện trấn,Anime
thanh xuân đấu,C-DRAMA
the call,Horror 
the outlaws,Action
thien nga bong dem,K-DRAMA
thiên,Undefined
thiên nga bóng đêm,K-DRAMA
thiên tài bóng bàn,C-DRAMA
thiên định trường ca,C-DRAMA
tho san soi,Action
thương ngày nắng về,Romantic
thước vải ma mị,Horror 
thế giới động vật,Science
thực thần 3,Comedy 
tiên nữ cử tạ kim bok joo,K-DRAMA
tìm mẹ,Romantic
tra tao do,V-DRAMA
tranh thien ha,Romantic
truong An nhu co,Romantic
trò chơi,Action
trò chơiương,Action
trẻ con,Undefined
trữ tình,Music
tuyển tập: gia đình là số một,Romantic
tvb,Undefined
tân ỷ thiên đồ long k,Action
tình mãn Tuyết dương Hoa,Romantic
tình yêu từ 0 đến 1,C-DRAMA
tôi từ bỏ tư cách làm,Anime
tập tin lắm mẹ,Undefined
từ khi em đến,Romantic
u19 đông nam á,Sport
vào ma giới rồi đấy! iruma-kun,Anime
vượt ra tội ác,K-DRAMA
vẻ đẹp ma mị,TH-DRAMA
vẻ đẹp đích thực,Romantic
why her?,Romantic
xin gọi tôi là tổng giám,C-DRAMA
xứng lứa vừa đôi,Romantic
y,Undefined
yumi,Romantic
yêu nhầm chị dâu,TH-DRAMA
yêu tinh 2,Romantic
yêu tinh1,Romantic
yêu trong đau thương,V-DRAMA
điệu cha cha cha lăng biển,K-DRAMA
điệu valse m,K-DRAMA
đông cung,C-DRAMA
địa nguc chốn ngục tù,K-DRAMA
định mệnh anh yêu em,Romantic
độc cô thiên hạ,C-DRAMA
đời sống ngục tù,K-DRAMA